Inspection ID;Inspection Group;Inspection Name;Inspection Language;Inspection Type;Absolute Time spent on Inspection, s;Percent of Time spent on Inspection;Problems Count;Times Inspection was Performed
InjectedReferences;General;Injected references;;LOCAL;7.40;49.32%;0;319
JvmTaintAnalysis;Security;Taint analysis;JVM;LOCAL;1.51;10.04%;0;57
CheckDependencyLicenses;Dependency analysis;Check dependency licenses;;GLOBAL;0.91;6.07%;0;1
UastIncorrectMimeTypeInspection;JVM languages;Incorrect MIME Type declaration;UAST;LOCAL;0.63;4.21%;0;57
RedundantOperationOnEmptyContainer;Java/Probable bugs;Redundant operation on empty container;JAVA;LOCAL;0.57;3.77%;0;53
HardcodedPasswords;Security;Hardcoded passwords;;LOCAL;0.45;3.00%;1;319
UnsupportedCharacter;Java/Properties files;Unsupported character;UAST;LOCAL;0.40;2.67%;0;57
DataFlowIssue;Java/Probable bugs;Nullability and data flow problems;JAVA;LOCAL;0.37;2.47%;0;53
deprecation;Java/Code maturity;Deprecated API usage;UAST;LOCAL;0.26;1.75%;0;58
ObviousNullCheck;Java/Verbose or redundant code constructs;Null-check method is called with obviously non-null argument;JAVA;LOCAL;0.19;1.27%;0;53
DialogTitleCapitalization;Java/Internationalization;Incorrect string capitalization;UAST;LOCAL;0.16;1.04%;0;57
UNUSED_IMPORT;Java/Imports;Unused import;JAVA;GLOBAL_SIMPLE;0.14;0.92%;0;281
unchecked;Java/Compiler issues;Unchecked warning;JAVA;LOCAL;0.12;0.79%;1;53
UnnecessaryLocalVariable;Java/Data flow;Redundant local variable;JAVA;LOCAL;0.11;0.70%;1;53
UnsupportedChronoFieldUnitCall;Java/Probable bugs;Call methods with unsupported 'java.time.temporal.ChronoUnit' and 'java.time.temporal.ChronoField';JAVA;LOCAL;0.10;0.66%;0;56
RedundantCast;Java/Verbose or redundant code constructs;Redundant type cast;JAVA;LOCAL;0.08;0.55%;0;53
Contract;Java/Probable bugs;Contract issues;JAVA;LOCAL;0.08;0.54%;0;53
NullableProblems;Java/Probable bugs/Nullability problems;@NotNull/@Nullable problems;JAVA;LOCAL;0.07;0.48%;0;53
ConstantValue;Java/Probable bugs;Constant values;JAVA;LOCAL;0.07;0.48%;4;53
StringConcatenationInLoop;Java/Performance;String concatenation in loop;JAVA;LOCAL;0.07;0.45%;0;56
WriteOnlyObject;Java/Probable bugs;Write-only object;JAVA;LOCAL;0.06;0.40%;0;53
removal;Java/Code maturity;Usage of API marked for removal;UAST;LOCAL;0.06;0.39%;0;57
LoggingPlaceholderCountMatchesArgumentCount;JVM languages/Logging;Number of placeholders does not match number of arguments in logging call;UAST;LOCAL;0.05;0.33%;0;60
OverlyCoupledClass;Java/Class metrics;Overly coupled class;JAVA;LOCAL;0.05;0.30%;5;55
JavaLangInvokeHandleSignature;Java/Reflective access;MethodHandle/VarHandle type mismatch;JAVA;LOCAL;0.04;0.28%;0;55
resource;Java/Resource management;AutoCloseable used without 'try'-with-resources;JAVA;LOCAL;0.04;0.27%;0;55
UnusedAssignment;Java/Probable bugs;Unused assignment;JAVA;LOCAL;0.04;0.26%;11;53
UnresolvedPropertyKey;Java/Properties files;Invalid property key;JAVA;LOCAL;0.04;0.25%;0;53
LombokGetterMayBeUsed;Java/Verbose or redundant code constructs;Lombok @Getter may be used;JAVA;LOCAL;0.03;0.22%;17;53
DuplicatedCode;General;Duplicated code fragment;;LOCAL;0.03;0.22%;0;326
ConditionCoveredByFurtherCondition;Java/Verbose or redundant code constructs;Condition is covered by further condition;JAVA;LOCAL;0.03;0.18%;0;53
MaliciousLibrariesLocal;Security;Malicious dependency;;LOCAL;0.03;0.17%;0;325
SuspiciousReturnByteInputStream;Java/Probable bugs;Suspicious byte value returned from 'InputStream.read()';JAVA;LOCAL;0.03;0.17%;0;56
ExtractMethodRecommender;Java/Code maturity;Method can be extracted;JAVA;LOCAL;0.03;0.17%;1;53
MismatchedQueryAndUpdateOfStringBuilder;Java/Probable bugs;Mismatched query and update of 'StringBuilder';JAVA;LOCAL;0.02;0.17%;0;56
ResultOfMethodCallIgnored;Java/Probable bugs;Result of method call ignored;JAVA;LOCAL;0.02;0.17%;0;53
SystemGetProperty;JVM languages;Call to 'System.getProperty(str)' could be simplified;UAST;LOCAL;0.02;0.16%;0;60
tainting;JVM languages;Non-safe string is passed to safe method;UAST;LOCAL;0.02;0.15%;0;57
NewClassNamingConvention;Java/Naming conventions/Class;Class naming convention;JAVA;LOCAL;0.02;0.15%;1;53
NonStrictComparisonCanBeEquality;Java/Verbose or redundant code constructs;Non-strict inequality '>=' or '<=' can be replaced with '==';JAVA;LOCAL;0.02;0.15%;0;53
MagicConstant;Java/Probable bugs;Magic constant;JAVA;LOCAL;0.02;0.14%;0;53
NumberEquality;Java/Probable bugs;Number comparison using '==', instead of 'equals()';JAVA;LOCAL;0.02;0.14%;0;56
PointlessBooleanExpression;Java/Control flow issues;Pointless boolean expression;JAVA;LOCAL;0.02;0.14%;0;53
JavacQuirks;Java/Compiler issues;Javac quirks;JAVA;LOCAL;0.02;0.13%;0;53
ClassEscapesDefinedScope;Java/Visibility;Class is exposed outside of its visibility scope;JAVA;LOCAL;0.02;0.13%;0;56
MismatchedQueryAndUpdateOfCollection;Java/Probable bugs;Mismatched query and update of collection;JAVA;LOCAL;0.02;0.13%;0;53
ImplicitArrayToString;Java/Probable bugs;Call to 'toString()' on array;JAVA;LOCAL;0.02;0.12%;0;56
DoubleNegation;Java/Control flow issues;Double negation;JAVA;LOCAL;0.02;0.12%;0;56
JavaExistingMethodCanBeUsed;Java/Verbose or redundant code constructs;Copy of existing static method body;JAVA;LOCAL;0.02;0.12%;0;53
VulnerableLibrariesLocal;Security;Vulnerable declared dependency;;LOCAL;0.01;0.09%;16;319
SpringBeanConstructorArgInspection;Spring/Spring Core/XML;Incorrect constructor injection in XML Spring bean;XML;LOCAL;0.01;0.09%;0;54
VulnerableCodeUsages;Security;Vulnerable API usage;UAST;LOCAL;0.01;0.09%;0;2
FieldCanBeLocal;Java/Class structure;Field can be local variable;JAVA;LOCAL;0.01;0.08%;0;53
StringEquality;Java/Probable bugs;String comparison using '==', instead of 'equals()';JAVA;LOCAL;0.01;0.08%;2;53
MetaAnnotationWithoutRuntimeRetention;Java/JUnit;Test annotation without '@Retention(RUNTIME)' annotation;JAVA;LOCAL;0.01;0.08%;0;56
EqualsOnSuspiciousObject;Java/Probable bugs;'equals()' called on classes which don't override it;JAVA;LOCAL;0.01;0.07%;0;53
SuspiciousNameCombination;Java/Probable bugs;Suspicious variable/parameter name combination;JAVA;LOCAL;0.01;0.07%;0;53
CustomRegExpInspection;RegExp;Custom RegExp inspection;;LOCAL;0.01;0.07%;0;326
DuplicateExpressions;Java/Verbose or redundant code constructs;Multiple occurrences of the same expression;JAVA;LOCAL;0.01;0.07%;0;53
TestFailedLine;JVM languages/Test frameworks;Failed line in test;UAST;LOCAL;0.01;0.07%;0;57
SynchronizationOnLocalVariableOrMethodParameter;Java/Threading issues;Synchronization on local variable or method parameter;JAVA;LOCAL;0.01;0.06%;0;56
divzero;Java/Numeric issues;Division by zero;JAVA;LOCAL;0.01;0.06%;0;53
KotlinTestJUnit;Kotlin;kotlin-test-junit could be used;XML;LOCAL;0.01;0.05%;0;54
preview;Java/Compiler issues;Preview Feature warning;JAVA;LOCAL;0.01;0.05%;0;53
UrlHashCode;JVM languages;Call to 'equals()' or 'hashCode()' on 'URL' object;UAST;LOCAL;0.01;0.05%;0;57
EqualsWithItself;Java/Probable bugs;'equals()' called on itself;JAVA;LOCAL;0.01;0.05%;0;53
UnstableApiUsage;JVM languages;Unstable API Usage;UAST;LOCAL;0.01;0.05%;0;4
CharsetObjectCanBeUsed;Java/Code style issues;Standard 'Charset' object can be used;JAVA;LOCAL;0.01;0.05%;0;53
StringOperationCanBeSimplified;Java/Verbose or redundant code constructs;Redundant 'String' operation;JAVA;LOCAL;0.01;0.05%;1;53
CdiDomBeans;CDI (Contexts and Dependency Injection);Incorrect bean definitions in beans.xml;XML;LOCAL;0.01;0.05%;0;54
ConfusingMainMethod;Java/Probable bugs;Confusing 'main()' method;JAVA;LOCAL;0.01;0.05%;0;55
FieldMayBeFinal;Java/Code style issues;Field may be 'final';JAVA;LOCAL;0.01;0.04%;8;53
UnpredictableBigDecimalConstructorCall;Java/Numeric issues;Unpredictable 'BigDecimal' constructor call;JAVA;LOCAL;0.01;0.04%;0;53
SuspiciousMethodCalls;Java/Probable bugs;Suspicious collection method call;JAVA;LOCAL;0.01;0.04%;0;53
ScheduledThreadPoolExecutorWithZeroCoreThreads;Java/Probable bugs;'ScheduledThreadPoolExecutor' with zero core threads;JAVA;LOCAL;0.01;0.03%;0;53
AtomicFieldUpdaterNotStaticFinal;Java/Threading issues;'AtomicFieldUpdater' field not declared 'static final';JAVA;LOCAL;0.00;0.03%;0;53
RequiredBeanTypeInspection;Spring/Spring Core/XML;Incorrect injected bean type;XML;LOCAL;0.00;0.03%;0;54
ContextComponentScanInconsistencyInspection;Spring/Spring Core/XML;Invalid filter definition in XML-based component scans;XML;LOCAL;0.00;0.03%;0;54
LoggingSimilarMessage;JVM languages/Logging;Non-distinguishable logging calls;UAST;LOCAL;0.00;0.03%;0;2
DeprecatedMavenDependency;Kotlin;Deprecated library is used in Maven;XML;LOCAL;0.00;0.03%;0;54
groupsTestNG;Java/TestNG;Undefined group name;JAVA;LOCAL;0.00;0.03%;0;53
SizeReplaceableByIsEmpty;Java/Code style issues;'size() == 0' can be replaced with 'isEmpty()';JAVA;LOCAL;0.00;0.03%;0;56
NumericOverflow;Java/Numeric issues;Numeric overflow;JAVA;LOCAL;0.00;0.03%;0;53
KotlinMavenPluginPhase;Kotlin;Kotlin Maven Plugin misconfigured;XML;LOCAL;0.00;0.03%;0;51
JavadocReference;Java/Javadoc;Declaration has problems in Javadoc references;JAVA;LOCAL;0.00;0.03%;0;56
UtilSchemaInspection;Spring/Spring Core/XML;Incorrectly configured 'util' schema beans defined in XML application context;XML;LOCAL;0.00;0.03%;0;54
OptionalGetWithoutIsPresent;Java/Probable bugs;Optional.get() is called without isPresent() check;JAVA;LOCAL;0.00;0.02%;0;53
RedundantMethodOverride;Java/Inheritance issues;Method is identical to its super method;JAVA;LOCAL;0.00;0.02%;3;53
ImplicitSubclassInspection;Java/Inheritance issues;Final declaration can't be overridden at runtime;UAST;LOCAL;0.00;0.02%;0;57
ReturnInsideFinallyBlock;Java/Error handling;'return' inside 'finally' block;UAST;LOCAL;0.00;0.02%;0;59
AssertBetweenInconvertibleTypes;JVM languages/Test frameworks;'assertEquals()' between objects of inconvertible types;UAST;LOCAL;0.00;0.02%;0;57
ConcatenationWithEmptyString;Java/Verbose or redundant code constructs;Concatenation with empty string;JAVA;LOCAL;0.00;0.02%;0;56
SimplifyOptionalCallChains;Java/Verbose or redundant code constructs;Optional call chain can be simplified;JAVA;LOCAL;0.00;0.02%;0;53
SpringBeanInstantiationInspection;Spring/Spring Core/XML;Invalid non-abstract bean instantiation;XML;LOCAL;0.00;0.02%;0;54
SafeVarargsHasNoEffect;Java/Probable bugs;@SafeVarargs do not suppress potentially unsafe operations;JAVA;LOCAL;0.00;0.02%;0;53
SpringScopesInspection;Spring/Spring Core/XML;Unknown <bean> scope;XML;LOCAL;0.00;0.02%;0;54
SpringPublicFactoryMethodInspection;Spring/Spring Core/XML;Incorrect non-public method referenced in a "factory-method" attribute;XML;LOCAL;0.00;0.02%;0;54
RedundantFileCreation;Java/Verbose or redundant code constructs;Redundant 'File' instance creation;JAVA;LOCAL;0.00;0.02%;0;54
CStyleArrayDeclaration;Java/Code style issues;C-style array declaration;JAVA;LOCAL;0.00;0.02%;0;56
RedundantArrayCreation;Java/Verbose or redundant code constructs;Redundant array creation;JAVA;LOCAL;0.00;0.02%;0;53
ParameterCanBeLocal;Java/Class structure;Value passed as parameter never read;JAVA;LOCAL;0.00;0.02%;0;53
OverwrittenKey;Java/Probable bugs;Overwritten Map, Set, or array element;JAVA;LOCAL;0.00;0.02%;0;53
MathRandomCastToInt;Java/Probable bugs;'Math.random()' cast to 'int';JAVA;LOCAL;0.00;0.01%;0;56
InfiniteLoopStatement;Java/Control flow issues;Infinite loop statement;JAVA;LOCAL;0.00;0.01%;0;56
SpringInactiveProfileHighlightingInspection;Spring/Spring Core/XML;Inactive profile highlighting;XML;LOCAL;0.00;0.01%;0;51
SpringBootApplicationYaml;Spring/Spring Boot;Invalid YAML configuration;yaml;LOCAL;0.00;0.01%;0;21
SpringDataYamlNoDriverDependencyInspection;Spring/Spring Boot;Spring Data driver class availability;yaml;LOCAL;0.00;0.01%;0;21
DeprecatedGradleDependency;Kotlin;Deprecated library is used in Gradle;Groovy;LOCAL;0.00;0.01%;0;4
SpringInjectionValueStyleInspection;Spring/Spring Core/XML;Injection value in XML application context violates conventions;XML;LOCAL;0.00;0.01%;0;51
OptionalAssignedToNull;Java/Code maturity;Null value for Optional type;JAVA;LOCAL;0.00;0.01%;0;53
BvConfigDomInspection;Bean Validation;Incorrect elements in Bean Validation <validation-config> files;XML;LOCAL;0.00;0.01%;0;54
dependsOnMethodTestNG;Java/TestNG;Illegal method name passed to 'dependsOnMethods';JAVA;LOCAL;0.00;0.01%;0;53
LoggingStringTemplateAsArgument;JVM languages/Logging;String template as argument to logging call;UAST;LOCAL;0.00;0.01%;0;57
SpringBeanAttributesInspection;Spring/Spring Core/XML;Conflicting Spring bean attribute;XML;LOCAL;0.00;0.01%;0;51
DoubleCheckedLocking;Java/Threading issues;Double-checked locking;JAVA;LOCAL;0.00;0.01%;0;53
SpringBeanNameConventionInspection;Spring/Spring Core/XML;Spring bean name violates conventions;XML;LOCAL;0.00;0.01%;0;51
DuplicateBranchesInSwitch;Java/Verbose or redundant code constructs;Duplicate branches in 'switch';JAVA;LOCAL;0.00;0.01%;0;53
MethodDoesntCallSuperMethod;Java/Inheritance issues;Method does not call super method;JAVA;LOCAL;0.00;0.01%;0;53
SpringDataModifyingAnnotationMissing;Spring/Spring Data;Update/Delete queries must be annotated with @Modifying, otherwise an InvalidDataAccessApiUsageException will be thrown.;UAST;LOCAL;0.00;0.01%;0;57
CloneableClassWithoutClone;Java/Cloning issues;Cloneable class without 'clone()' method;JAVA;LOCAL;0.00;0.01%;0;56
InstantiationOfUtilityClass;Java/Probable bugs;Instantiation of utility class;JAVA;LOCAL;0.00;0.01%;0;53
SpringXmlModelInspection;Spring/Spring Core/XML;Incorrect Spring Core XML-based application context;XML;LOCAL;0.00;0.01%;0;51
SpringXmlAutowiringInspection;Spring/Spring Core/XML;Incorrect XML Spring bean autowiring;XML;LOCAL;0.00;0.01%;0;51
SpringBootAdditionalConfig;Spring/Spring Boot;Invalid additional-spring-configuration-metadata.json;JSON;LOCAL;0.00;0.01%;0;96
AccessStaticViaInstance;Java/Declaration redundancy;Access static member via instance reference;JAVA;LOCAL;0.00;0.01%;0;53
SpringAopErrorsInspection;Spring/Spring AOP;Incorrect Spring AOP advice or advisor element;XML;LOCAL;0.00;0.01%;0;51
SpringFactoryMethodInspection;Spring/Spring Core/XML;Incorrectly defined method referenced in a "factory-method" attribute;XML;LOCAL;0.00;0.01%;0;54
UnparsedCustomBeanInspection;Spring/Spring Core/XML;Unparsed custom Spring beans;XML;LOCAL;0.00;0.01%;0;51
SpringBeanLookupMethodInspection;Spring/Spring Core/XML;Incorrectly configured XML bean lookup-method;XML;LOCAL;0.00;0.01%;0;51
SpringXmlAutowireExplicitlyInspection;Spring/Spring Core/XML;Unnecessary autowired dependency in XML application context;XML;LOCAL;0.00;0.01%;0;51
DifferentKotlinMavenVersion;Kotlin;Maven and IDE plugins versions are different;XML;LOCAL;0.00;0.01%;0;51
InfiniteRecursion;Java/Probable bugs;Infinite recursion;JAVA;LOCAL;0.00;0.01%;0;53
ForwardCompatibility;Java/Java language level issues;Forward compatibility;JAVA;LOCAL;0.00;0.01%;0;53
LoggerInitializedWithForeignClass;Java/Logging;Logger initialized with foreign class;JAVA;LOCAL;0.00;0.01%;0;53
DanglingJavadoc;Java/Javadoc;Dangling Javadoc comment;JAVA;LOCAL;0.00;0.01%;0;53
RedundantSlf4jDefinition;Java/Lombok/Redundant definitions;@Slf4j;JAVA;LOCAL;0.00;0.01%;0;53
SpringSecurityModelInspection;Spring/Spring Security;Incorrect Spring Security XML-based application context;XML;LOCAL;0.00;0.01%;0;54
ConditionalBreakInInfiniteLoop;Java/Control flow issues;Conditional break inside loop;JAVA;LOCAL;0.00;0.01%;0;53
RegExpRedundantEscape;RegExp;Redundant character escape;RegExp;LOCAL;0.00;0.01%;0;6
SuspiciousInvocationHandlerImplementation;Java/Probable bugs;Suspicious 'InvocationHandler' implementation;JAVA;LOCAL;0.00;0.01%;0;56
DataProviderReturnType;Java/TestNG;Invalid data provider return type;JAVA;LOCAL;0.00;0.01%;0;56
FuseStreamOperations;Java/Code style issues;Subsequent steps can be fused into Stream API chain;JAVA;LOCAL;0.00;0.01%;0;53
ThrowableNotThrown;Java/Probable bugs;'Throwable' not thrown;JAVA;LOCAL;0.00;0.01%;0;53
UnnecessaryCallToStringValueOf;Java/Code style issues;Unnecessary conversion to 'String';JAVA;LOCAL;0.00;0.01%;0;53
SpringSecurityDebugActivatedInspection;Spring/Spring Security;Debug mode is activated in the Spring Security configuration;XML;LOCAL;0.00;0.01%;0;51
NonAtomicOperationOnVolatileField;Java/Threading issues;Non-atomic operation on 'volatile' field;JAVA;LOCAL;0.00;0.01%;0;53
BvConstraintMappingsInspection;Bean Validation;Incorrect elements in Bean Validation <constraint-mappings> files;XML;LOCAL;0.00;0.01%;0;51
UastIncorrectHttpHeaderInspection;JVM languages;Unknown HTTP header;UAST;LOCAL;0.00;0.01%;0;57
MismatchedReadAndWriteOfArray;Java/Probable bugs;Mismatched read and write of array;JAVA;LOCAL;0.00;0.01%;0;56
UnsatisfiedRange;Java/Probable bugs;Return value is outside of declared range;JAVA;LOCAL;0.00;0.01%;0;53
SpringIntegrationDeprecations21;Spring/Spring Integration;Spring Integration 2.1 deprecations;XML;LOCAL;0.00;0.01%;0;51
EnumValuesSoftDeprecateInJava;Kotlin/Other problems;'Enum.values()' is recommended to be replaced by 'Enum.getEntries()' since Kotlin 1.9;JAVA;LOCAL;0.00;0.01%;0;53
InjectionValueTypeInspection;Spring/Spring Core/XML;Unassignable injection point type in XML application context;XML;LOCAL;0.00;0.01%;0;51
AbstractBeanReferencesInspection;Spring/Spring Core/XML;Incorrect reference to abstract bean;XML;LOCAL;0.00;0.01%;0;51
RedundantJavaTimeOperations;Java/Verbose or redundant code constructs;Redundant operation on 'java.time' object;JAVA;LOCAL;0.00;0.01%;0;53
JdkProxiedBeanTypeInspection;Spring/Spring AOP;Incorrect JDK-proxied bean type;XML;LOCAL;0.00;0.01%;0;51
ReplaceOnLiteralHasNoEffect;Java/Verbose or redundant code constructs;Replacement operation has no effect;JAVA;LOCAL;0.00;0.01%;0;56
UnnecessaryStringEscape;Java/Verbose or redundant code constructs;Unnecessarily escaped character;JAVA;LOCAL;0.00;0.01%;0;53
NonFinalFieldInEnum;Java/Class structure;Non-final field in 'enum';JAVA;LOCAL;0.00;0.01%;1;53
LombokSetterMayBeUsed;Java/Verbose or redundant code constructs;Lombok @Setter may be used;JAVA;LOCAL;0.00;0.01%;5;53
FinalizeCalledExplicitly;Java/Finalization;'finalize()' called explicitly;JAVA;LOCAL;0.00;0.01%;0;53
SpringIncorrectResourceTypeInspection;Spring/Spring Core/XML;Incorrect resource type;XML;LOCAL;0.00;0.01%;0;51
DifferentMavenStdlibVersion;Kotlin;Library and maven plugin versions are different;XML;LOCAL;0.00;0.01%;0;51
SqlSourceToSinkFlow;JVM languages;Non-safe string is used as SQL;UAST;LOCAL;0.00;0.01%;0;57
SpringRequiredPropertyInspection;Spring/Spring Core/XML;Missing @Required property injections in the spring XML bean declaration;XML;LOCAL;0.00;0.01%;0;51
SpringPlaceholdersInspection;Spring/Spring Core/XML;Unresolved placeholders configured in the Spring XML application context;XML;LOCAL;0.00;0.01%;0;51
SimplifyStreamApiCallChains;Java/Verbose or redundant code constructs;Stream API call chain can be simplified;JAVA;LOCAL;0.00;0.01%;0;53
MalformedFormatString;Java/Probable bugs;Malformed format string;JAVA;LOCAL;0.00;0.01%;0;53
QodanaJavaSanity;General;Java sanity;JAVA;LOCAL;0.00;0.01%;7;53
UnnecessaryUnaryMinus;Java/Numeric issues;Unnecessary unary minus;JAVA;LOCAL;0.00;0.01%;0;55
DuplicatedDataProviderNames;Java/TestNG;Duplicated data provider names;JAVA;LOCAL;0.00;0.01%;0;53
SpringAopWarningsInspection;Spring/Spring AOP;Incorrect Spring AOP aspect or pointcut element;XML;LOCAL;0.00;0.01%;0;54
FinalStaticMethod;Java/Class structure;'static' method declared 'final';JAVA;LOCAL;0.00;0.01%;0;53
RedundantTypeArguments;Java/Verbose or redundant code constructs;Redundant type arguments;JAVA;LOCAL;0.00;0.01%;0;53
SpringInjectionValueConsistencyInspection;Spring/Spring Core/XML;Inconsistent injection value in XML application context;XML;LOCAL;0.00;0.01%;0;51
OverlyComplexClass;Java/Class metrics;Overly complex class;JAVA;LOCAL;0.00;0.01%;24;53
SpringIntegrationModel;Spring/Spring Integration;Incorrect Spring Integration XML-based application context;XML;LOCAL;0.00;0.01%;0;51
CopyConstructorMissesField;Java/Probable bugs;Copy constructor misses field;JAVA;LOCAL;0.00;0.01%;0;53
DuplicatedBeanNamesInspection;Spring/Spring Core/XML;Duplicated bean names in XML-based application context;XML;LOCAL;0.00;0.01%;0;51
SingleClassImport;Java/Imports;Single class import;JAVA;LOCAL;0.00;0.00%;147;56
UnreachableCatch;Java/Verbose or redundant code constructs;Unreachable catch section;JAVA;LOCAL;0.00;0.00%;0;53
IntegerDivisionInFloatingPointContext;Java/Numeric issues;Integer division in floating-point context;JAVA;LOCAL;0.00;0.00%;0;53
ClassGetClass;Java/Probable bugs;Suspicious 'Class.getClass()' call;JAVA;LOCAL;0.00;0.00%;0;56
WaitWhileHoldingTwoLocks;Java/Threading issues;'wait()' while holding two locks;JAVA;LOCAL;0.00;0.00%;0;53
IfStatementWithIdenticalBranches;Java/Control flow issues;'if' statement with identical branches or common parts;JAVA;LOCAL;0.00;0.00%;0;53
IOStreamConstructor;Java/Performance;'InputStream' and 'OutputStream' can be constructed using 'Files' methods;JAVA;LOCAL;0.00;0.00%;1;56
ComparatorResultComparison;Java/Probable bugs;Suspicious usage of compare method;JAVA;LOCAL;0.00;0.00%;0;53
UnnecessaryUnicodeEscape;Java/Internationalization;Unnecessary Unicode escape sequence;JAVA;LOCAL;0.00;0.00%;0;53
UseBulkOperation;Java/Performance;Bulk operation can be used instead of iteration;JAVA;LOCAL;0.00;0.00%;0;53
EndlessStream;Java/Probable bugs;Non-short-circuit operation consumes infinite stream;JAVA;LOCAL;0.00;0.00%;0;53
RedundantModifiersValLombok;Java/Lombok/Redundant modifiers;Unnecessary final before 'val';JAVA;LOCAL;0.00;0.00%;0;53
MaskedAssertion;Java/Test frameworks;Assertion is suppressed by 'catch';JAVA;LOCAL;0.00;0.00%;0;53
StringTokenizerDelimiter;Java/Probable bugs;Duplicated delimiters in 'StringTokenizer';JAVA;LOCAL;0.00;0.00%;0;53
NewObjectEquality;Java/Probable bugs;New object is compared using '==';JAVA;LOCAL;0.00;0.00%;0;53
JavadocDeclaration;Java/Javadoc;Javadoc declaration problems;JAVA;LOCAL;0.00;0.00%;0;53
JavaReflectionInvocation;Java/Reflective access;Reflective invocation arguments mismatch;JAVA;LOCAL;0.00;0.00%;0;55
ArrayHashCode;Java/Probable bugs;'hashCode()' called on array;JAVA;LOCAL;0.00;0.00%;0;55
InstantiatingAThreadWithDefaultRunMethod;Java/Threading issues;Instantiating a 'Thread' with default 'run()' method;JAVA;LOCAL;0.00;0.00%;0;53
RegExpUnnecessaryNonCapturingGroup;RegExp;Unnecessary non-capturing group;RegExp;LOCAL;0.00;0.00%;0;6
IteratorHasNextCallsIteratorNext;Java/Probable bugs;'Iterator.hasNext()' which calls 'next()';JAVA;LOCAL;0.00;0.00%;0;53
RedundantIfStatement;Java/Control flow issues;Redundant 'if' statement;JAVA;LOCAL;0.00;0.00%;0;55
SillyAssignment;Java/Declaration redundancy;Variable is assigned to itself;JAVA;LOCAL;0.00;0.00%;0;53
FunctionalExpressionCanBeFolded;Java/Declaration redundancy;Functional expression can be folded;JAVA;LOCAL;0.00;0.00%;0;53
ToArrayCallWithZeroLengthArrayArgument;Java/Performance;'Collection.toArray()' call style;JAVA;LOCAL;0.00;0.00%;0;53
DuplicateCondition;Java/Control flow issues;Duplicate condition;JAVA;LOCAL;0.00;0.00%;0;53
TypeParameterExplicitlyExtendsObject;Java/Code style issues;Type parameter explicitly extends 'Object';JAVA;LOCAL;0.00;0.00%;0;53
NewStringBufferWithCharArgument;Java/Probable bugs;StringBuilder constructor call with 'char' argument;JAVA;LOCAL;0.00;0.00%;0;56
FinalizeNotProtected;Java/Finalization;'finalize()' should be protected, not public;JAVA;LOCAL;0.00;0.00%;0;56
UnnecessaryTemporaryOnConversionFromString;Java/Performance;Unnecessary temporary object in conversion from 'String';JAVA;LOCAL;0.00;0.00%;0;56
CatchMayIgnoreException;Java/Error handling;Catch block may ignore exception;JAVA;LOCAL;0.00;0.00%;0;53
SerialVersionUIDWithWrongSignature;Java/Serialization issues;'serialVersionUID' field not declared 'private static final long';JAVA;LOCAL;0.00;0.00%;0;53
NotNullFieldNotInitialized;Java/Probable bugs/Nullability problems;@NotNull field is not initialized;JAVA;LOCAL;0.00;0.00%;0;53
AssignmentToCatchBlockParameter;Java/Assignment issues;Assignment to 'catch' block parameter;JAVA;LOCAL;0.00;0.00%;0;53
OnlyOneElementUsed;Java/Verbose or redundant code constructs;Only one element is used;JAVA;LOCAL;0.00;0.00%;0;56
SpringDataPropertiesNoDriverDependencyInspection;Spring/Spring Boot;Spring Data driver class availability;Properties;LOCAL;0.00;0.00%;0;6
TypeParameterHidesVisibleType;Java/Visibility;Type parameter hides visible type;JAVA;LOCAL;0.00;0.00%;0;53
ThrowablePrintedToSystemOut;Java/Code maturity;'Throwable' printed to 'System.out';JAVA;LOCAL;0.00;0.00%;0;53
RedundantUnmodifiable;Java/Verbose or redundant code constructs;Redundant usage of unmodifiable collection wrappers;JAVA;LOCAL;0.00;0.00%;0;53
CollectionAddedToSelf;Java/Probable bugs;Collection added to itself;JAVA;LOCAL;0.00;0.00%;0;53
IfStatementMissingBreakInLoop;Java/Performance;Early loop exit in 'if' condition;JAVA;LOCAL;0.00;0.00%;0;53
ConfusingArgumentToVarargsMethod;Java/Probable bugs;Confusing argument to varargs method;JAVA;LOCAL;0.00;0.00%;0;53
CommentedOutCode;Java/Code maturity;Commented out code;JAVA;LOCAL;0.00;0.00%;0;53
ConstantForZeroLengthArrayAllocation;Java/Memory;Unnecessary zero length array usage;JAVA;LOCAL;0.00;0.00%;0;53
RedundantClassCall;Java/Verbose or redundant code constructs;Redundant 'isInstance()' or 'cast()' call;JAVA;LOCAL;0.00;0.00%;0;53
NegativeIntConstantInLongContext;Java/Numeric issues;Negative int hexadecimal constant in long context;JAVA;LOCAL;0.00;0.00%;0;53
DefaultAnnotationParam;Java/Declaration redundancy;Default annotation parameter value;JAVA;LOCAL;0.00;0.00%;0;53
SpringQualifierCopyableLombok;Java/Lombok;@Qualifier not copyable by Lombok;JAVA;LOCAL;0.00;0.00%;0;53
StringConcatenationArgumentToLogCall;Java/Logging;Non-constant string concatenation as argument to logging call;JAVA;LOCAL;0.00;0.00%;0;53
RegExpUnexpectedAnchor;RegExp;Begin or end anchor in unexpected position;RegExp;LOCAL;0.00;0.00%;0;6
ComparatorMethodParameterNotUsed;Java/Probable bugs;Suspicious 'Comparator.compare()' implementation;JAVA;LOCAL;0.00;0.00%;0;53
KotlinSealedInheritorsInJava;Kotlin/Java interop issues;Inheritance of Kotlin sealed interface/class from Java;JAVA;LOCAL;0.00;0.00%;0;53
Lombok;Java/Lombok;Lombok annotations;JAVA;LOCAL;0.00;0.00%;0;53
UnnecessaryToStringCall;Java/Code style issues;Unnecessary call to 'toString()';JAVA;LOCAL;0.00;0.00%;0;53
AtomicFieldUpdaterIssues;Java/Threading issues;Inconsistent 'AtomicFieldUpdater' declaration;JAVA;LOCAL;0.00;0.00%;0;53
MissingAspectjAutoproxyInspection;Spring/Spring AOP;Missing aspectj-autoproxy;JAVA;LOCAL;0.00;0.00%;0;53
ArrayObjectsEquals;Java/Probable bugs;Use of shallow or 'Objects' methods with arrays;JAVA;LOCAL;0.00;0.00%;0;53
LoopConditionNotUpdatedInsideLoop;Java/Control flow issues;Loop variable not updated inside loop;JAVA;LOCAL;0.00;0.00%;0;53
Dependency;JVM languages;Illegal package dependencies;UAST;LOCAL;0.00;0.00%;0;57
LombokFlagUsage;Java/Lombok;Lombok flag usages;JAVA;LOCAL;0.00;0.00%;0;53
UnnecessaryTemporaryOnConversionToString;Java/Performance;Unnecessary temporary object in conversion to 'String';JAVA;LOCAL;0.00;0.00%;0;53
RegExpRedundantClassElement;RegExp;Redundant '\d', '[:digit:]', or '\D' class elements;RegExp;LOCAL;0.00;0.00%;0;6
ThrowFromFinallyBlock;Java/Error handling;'throw' inside 'finally' block;JAVA;LOCAL;0.00;0.00%;0;55
RedundantLengthCheck;Java/Verbose or redundant code constructs;Redundant array length check;JAVA;LOCAL;0.00;0.00%;0;53
ThreadLocalSetWithNull;Java/Threading issues;'ThreadLocal.set()' with null as an argument;JAVA;LOCAL;0.00;0.00%;0;53
OptionalOfNullableMisuse;Java/Probable bugs;Use of Optional.ofNullable with null or non-null argument;JAVA;LOCAL;0.00;0.00%;0;53
DeprecatedIsStillUsed;Java/Code maturity;Deprecated member is still used;JAVA;LOCAL;0.00;0.00%;0;53
StringEqualsEmptyString;Java/Performance;'String.equals()' can be replaced with 'String.isEmpty()';JAVA;LOCAL;0.00;0.00%;0;53
ExcessiveRangeCheck;Java/Verbose or redundant code constructs;Excessive range check;JAVA;LOCAL;0.00;0.00%;0;53
StaticInitializerReferencesSubClass;Java/Threading issues;Static initializer references subclass;JAVA;LOCAL;0.00;0.00%;0;53
SortedCollectionWithNonComparableKeys;Java/Probable bugs;Sorted collection with non-comparable elements;JAVA;LOCAL;0.00;0.00%;0;53
OverlyComplexAnonymousInnerClass;Java/Class metrics;Overly complex anonymous class;JAVA;LOCAL;0.00;0.00%;0;53
EqualsBetweenInconvertibleTypes;Java/Probable bugs;'equals()' between objects of inconvertible types;JAVA;LOCAL;0.00;0.00%;0;53
SynchronizationOnGetClass;Java/Threading issues;Synchronization on 'getClass()';JAVA;LOCAL;0.00;0.00%;0;53
ExcessiveLambdaUsage;Java/Verbose or redundant code constructs;Excessive lambda usage;JAVA;LOCAL;0.00;0.00%;0;53
PointlessBitwiseExpression;Java/Bitwise operation issues;Pointless bitwise expression;JAVA;LOCAL;0.00;0.00%;0;53
DuplicateThrows;Java/Declaration redundancy;Duplicate throws;JAVA;LOCAL;0.00;0.00%;0;53
MismatchedStringCase;Java/Probable bugs;Mismatched case in 'String' operation;JAVA;LOCAL;0.00;0.00%;0;53
ReplaceInefficientStreamCount;Java/Performance;Inefficient Stream API call chains ending with count();JAVA;LOCAL;0.00;0.00%;0;53
ManualArrayToCollectionCopy;Java/Performance;Manual array to collection copy;JAVA;LOCAL;0.00;0.00%;0;53
JavaReflectionMemberAccess;Java/Reflective access;Reflective access to non-existent or not visible class member;JAVA;LOCAL;0.00;0.00%;0;53
ProtectedMemberInFinalClass;Java/Declaration redundancy;'protected' member in 'final' class;JAVA;LOCAL;0.00;0.00%;0;53
IterableUsedAsVararg;Java/Probable bugs;Iterable is used as vararg;JAVA;LOCAL;0.00;0.00%;0;53
UnusedLabel;Java/Declaration redundancy;Unused label;JAVA;LOCAL;0.00;0.00%;0;53
UnnecessaryInitCause;Java/Error handling;Unnecessary call to 'Throwable.initCause()';JAVA;LOCAL;0.00;0.00%;0;53
ComparisonOfShortAndChar;Java/Numeric issues;Comparison of 'short' and 'char' values;JAVA;LOCAL;0.00;0.00%;0;53
OptionalUsedAsFieldOrParameterType;Java/Abstraction issues;'Optional' used as field or parameter type;JAVA;LOCAL;0.00;0.00%;0;53
UnnecessaryBreak;Java/Verbose or redundant code constructs;Unnecessary 'break' statement;JAVA;LOCAL;0.00;0.00%;0;53
ExternalizableWithoutPublicNoArgConstructor;Java/Serialization issues;'Externalizable' class without 'public' no-arg constructor;JAVA;LOCAL;0.00;0.00%;0;53
ManualArrayCopy;Java/Performance;Manual array copy;JAVA;LOCAL;0.00;0.00%;0;53
SuspiciousListRemoveInLoop;Java/Probable bugs;Suspicious 'List.remove()' in loop;JAVA;LOCAL;0.00;0.00%;0;53
TrivialFunctionalExpressionUsage;Java/Declaration redundancy;Trivial usage of functional expression;JAVA;LOCAL;0.00;0.00%;0;53
WhileLoopSpinsOnField;Java/Threading issues;'while' loop spins on field;JAVA;LOCAL;0.00;0.00%;0;53
DifferentStdlibGradleVersion;Kotlin;Kotlin library and Gradle plugin versions are different;Groovy;LOCAL;0.00;0.00%;0;4
finally;Java/Error handling;'finally' block which can not complete normally;JAVA;LOCAL;0.00;0.00%;0;53
CallToSystemRunFinalizersOnExit;Java/Threading issues;Call to 'System.runFinalizersOnExit()';JAVA;LOCAL;0.00;0.00%;0;53
IdempotentLoopBody;Java/Control flow issues;Idempotent loop body;JAVA;LOCAL;0.00;0.00%;0;53
OptionalIsPresent;Java/Code style issues;Non functional style 'Optional.isPresent()' usage;JAVA;LOCAL;0.00;0.00%;0;53
ClassExplicitlyExtendsObject;Java/Code style issues;Class explicitly extends 'Object';JAVA;LOCAL;0.00;0.00%;0;53
ConstantConditionalExpression;Java/Control flow issues;Constant conditional expression;JAVA;LOCAL;0.00;0.00%;0;53
RegExpSuspiciousBackref;RegExp;Suspicious back reference;RegExp;LOCAL;0.00;0.00%;0;6
SpringBootApplicationProperties;Spring/Spring Boot;Invalid properties configuration;Properties;LOCAL;0.00;0.00%;0;6
WrongPackageStatement;Java/Probable bugs;Wrong package statement;JAVA;LOCAL;0.00;0.00%;0;53
ComparisonToNaN;Java/Numeric issues;Comparison to 'Double.NaN' or 'Float.NaN';JAVA;LOCAL;0.00;0.00%;0;53
RegExpSingleCharAlternation;RegExp;Single character alternation;RegExp;LOCAL;0.00;0.00%;0;6
PatternVariableHidesField;Java/Visibility;Pattern variable hides field;JAVA;LOCAL;0.00;0.00%;0;53
UnnecessaryContinue;Java/Verbose or redundant code constructs;Unnecessary 'continue' statement;JAVA;LOCAL;0.00;0.00%;0;56
UnnecessaryModifier;Java/Code style issues;Unnecessary modifier;JAVA;LOCAL;0.00;0.00%;0;53
SimplifiableBooleanExpression;Java/Control flow issues;Simplifiable boolean expression;JAVA;LOCAL;0.00;0.00%;0;53
IncompatibleBitwiseMaskOperation;Java/Bitwise operation issues;Incompatible bitwise mask operation;JAVA;LOCAL;0.00;0.00%;0;53
CallToPrintStackTrace;Java/Code maturity;Call to 'printStackTrace()';JAVA;LOCAL;0.00;0.00%;1;53
UnaryPlus;Java/Numeric issues;Unary plus;JAVA;LOCAL;0.00;0.00%;0;53
InterfaceMethodClashesWithObject;Java/Abstraction issues;Interface method clashes with method in 'Object';JAVA;LOCAL;0.00;0.00%;0;53
SimplifiableAssertion;Java/Test frameworks;Simplifiable assertion;JAVA;LOCAL;0.00;0.00%;0;53
StatementWithEmptyBody;Java/Probable bugs;Statement with empty body;JAVA;LOCAL;0.00;0.00%;0;53
RedundantEscapeInRegexReplacement;Java/Verbose or redundant code constructs;Redundant escape in regex replacement string;JAVA;LOCAL;0.00;0.00%;0;53
ListIndexOfReplaceableByContains;Java/Code style issues;'List.indexOf()' expression can be replaced with 'contains()';JAVA;LOCAL;0.00;0.00%;0;53
SuspiciousToArrayCall;Java/Probable bugs;Suspicious 'Collection.toArray()' call;JAVA;LOCAL;0.00;0.00%;0;53
SimplifyCollector;Java/Verbose or redundant code constructs;Simplifiable collector;JAVA;LOCAL;0.00;0.00%;0;53
IncorrectMessageFormat;Java/Probable bugs;Incorrect 'MessageFormat' pattern;JAVA;LOCAL;0.00;0.00%;0;53
SuspiciousTernaryOperatorInVarargsCall;Java/Probable bugs;Suspicious ternary operator in varargs method call;JAVA;LOCAL;0.00;0.00%;0;53
SuspiciousSystemArraycopy;Java/Probable bugs;Suspicious 'System.arraycopy()' call;JAVA;LOCAL;0.00;0.00%;0;56
StringBufferReplaceableByString;Java/Verbose or redundant code constructs;'StringBuilder' can be replaced with 'String';JAVA;LOCAL;0.00;0.00%;0;53
SlowListContainsAll;Java/Performance;Call to 'list.containsAll(collection)' may have poor performance;JAVA;LOCAL;0.00;0.00%;0;53
ConditionalExpressionWithIdenticalBranches;Java/Control flow issues;Conditional expression with identical branches;JAVA;LOCAL;0.00;0.00%;0;56
DefaultNotLastCaseInSwitch;Java/Control flow issues;'default' not last case in 'switch';JAVA;LOCAL;0.00;0.00%;0;53
StringConcatenationInsideStringBufferAppend;Java/Performance;String concatenation as argument to 'StringBuilder.append()' call;JAVA;LOCAL;0.00;0.00%;0;53
ArrayEquals;Java/Probable bugs;'equals()' called on array;JAVA;LOCAL;0.00;0.00%;0;53
BoxingBoxedValue;Java/Performance;Boxing of already boxed value;JAVA;LOCAL;0.00;0.00%;0;53
RedundantCollectionOperation;Java/Verbose or redundant code constructs;Redundant 'Collection' operation;JAVA;LOCAL;0.00;0.00%;0;53
SynchronizeOnNonFinalField;Java/Threading issues;Synchronization on a non-final field;JAVA;LOCAL;0.00;0.00%;0;53
SuspiciousIndentAfterControlStatement;Java/Probable bugs;Suspicious indentation after control statement without braces;JAVA;LOCAL;0.00;0.00%;0;53
SuspiciousDateFormat;Java/Probable bugs;Suspicious date format pattern;JAVA;LOCAL;0.00;0.00%;0;53
ForLoopReplaceableByWhile;Java/Control flow issues;'for' loop may be replaced by 'while' loop;JAVA;LOCAL;0.00;0.00%;0;53
NonSerializableClassWithSerialVersionUID;Java/Serialization issues;Non-serializable class with 'serialVersionUID';JAVA;LOCAL;0.00;0.00%;0;53
LocalVariableUsedAndDeclaredInDifferentSwitchBranches;Java/Control flow issues;Local variable used and declared in different 'switch' branches;JAVA;LOCAL;0.00;0.00%;0;53
EqualsDoesntCheckParameterClass;Java/Probable bugs;'equals()' method that does not check the class of its parameter;JAVA;LOCAL;0.00;0.00%;0;53
MappingBeforeCount;Java/Verbose or redundant code constructs;Mapping call before count();JAVA;LOCAL;0.00;0.00%;0;53
RegExpDuplicateCharacterInClass;RegExp;Duplicate character in character class;RegExp;LOCAL;0.00;0.00%;0;6
SafeVarargsOnNonReifiableType;Java/Declaration redundancy;@SafeVarargs is not applicable to reifiable types;JAVA;LOCAL;0.00;0.00%;0;53
DeprecatedLombok;Java/Lombok;Deprecated Lombok annotations;JAVA;LOCAL;0.00;0.00%;0;53
TextLabelInSwitchStatement;Java/Probable bugs;Text label in 'switch' statement;JAVA;LOCAL;0.00;0.00%;0;55
JavaEmptyModuleInfoFile;Java/Visibility;Empty 'module-info.java' file;JAVA;LOCAL;0.00;0.00%;0;53
ClassExplicitlyAnnotation;Java/Inheritance issues;Class extends annotation interface;JAVA;LOCAL;0.00;0.00%;0;53
AssignmentUsedAsCondition;Java/Assignment issues;Assignment used as condition;JAVA;LOCAL;0.00;0.00%;0;53
ReflectionForUnavailableAnnotation;Java/Probable bugs;Reflective access to a source-only annotation;JAVA;LOCAL;0.00;0.00%;0;53
InstantiatingObjectToGetClassObject;Java/Performance;Instantiating object to get 'Class' object;JAVA;LOCAL;0.00;0.00%;0;53
ShiftOutOfRange;Java/Bitwise operation issues;Shift operation by inappropriate constant;JAVA;LOCAL;0.00;0.00%;0;53
MisorderedAssertEqualsArguments;Java/Test frameworks;Misordered 'assertEquals()' arguments;JAVA;LOCAL;0.00;0.00%;0;55
RedundantCompareCall;Java/Verbose or redundant code constructs;Redundant 'compare()' method call;JAVA;LOCAL;0.00;0.00%;0;53
CallToThreadRun;JVM languages;Call to 'Thread.run()';UAST;LOCAL;0.00;0.00%;0;57
RedundantModifiersValueLombok;Java/Lombok/Redundant modifiers;@Value modifiers;JAVA;LOCAL;0.00;0.00%;0;53
CaughtExceptionImmediatelyRethrown;Java/Error handling;Caught exception is immediately rethrown;JAVA;LOCAL;0.00;0.00%;0;55
ArraysAsListWithZeroOrOneArgument;Java/Performance;Call to 'Arrays.asList()' with too few arguments;JAVA;LOCAL;0.00;0.00%;0;53
JvmCoverageInspection;Code Coverage;Check Kotlin and Java source code coverage;UAST;GLOBAL_SIMPLE;0.00;0.00%;0;281
UnnecessaryLabelOnBreakStatement;Java/Verbose or redundant code constructs;Unnecessary label on 'break' statement;JAVA;LOCAL;0.00;0.00%;0;55
UnnecessaryLabelOnContinueStatement;Java/Verbose or redundant code constructs;Unnecessary label on 'continue' statement;JAVA;LOCAL;0.00;0.00%;0;53
SpringDataPageableParameterMissing;Spring/Spring Data;Query-returning Page must have a Pageable parameter.;UAST;LOCAL;0.00;0.00%;0;57
RegExpSimplifiable;RegExp;Regular expression can be simplified;RegExp;LOCAL;0.00;0.00%;0;6
EmptySynchronizedStatement;Java/Threading issues;Empty 'synchronized' statement;JAVA;LOCAL;0.00;0.00%;0;55
JavadocLinkAsPlainText;Java/Javadoc;Link specified as plain text;JAVA;LOCAL;0.00;0.00%;0;53
WhileCanBeDoWhile;Java/Control flow issues;'while' can be replaced with 'do while';JAVA;LOCAL;0.00;0.00%;0;53
RegExpEmptyAlternationBranch;RegExp;Empty branch in alternation;RegExp;LOCAL;0.00;0.00%;0;6
BooleanConstructorCall;Java/Performance;Boolean constructor call;JAVA;LOCAL;0.00;0.00%;0;53
SlowAbstractSetRemoveAll;Java/Performance;Call to 'set.removeAll(list)' may work slowly;JAVA;LOCAL;0.00;0.00%;0;53
SuspiciousRegexArgument;Java/Probable bugs;Suspicious regex expression argument;JAVA;LOCAL;0.00;0.00%;0;53
LongLiteralEndingWithLowercaseL;Java/Numeric issues;'long' literal ending with 'l' instead of 'L';JAVA;LOCAL;0.00;0.00%;0;53
LoopStatementThatDoesntLoop;Java/Control flow issues;Loop statement that does not loop;JAVA;LOCAL;0.00;0.00%;0;53
SpringDataJdbcEntityInSeveralAggregatesInspection;Spring/Spring Data;Spring Data JDBC aggregate roots;UAST;LOCAL;0.00;0.00%;0;57
CloneDoesntDeclareCloneNotSupportedException;Java/Cloning issues;'clone()' does not declare 'CloneNotSupportedException';JAVA;LOCAL;0.00;0.00%;0;55
MismatchedJavadocCode;Java/Javadoc;Mismatch between Javadoc and code;JAVA;LOCAL;0.00;0.00%;0;53
OverflowingLoopIndex;Java/Probable bugs;Loop executes zero or billions of times;JAVA;LOCAL;0.00;0.00%;0;53
InnerClassMayBeStatic;Java/Memory;Inner class may be 'static';JAVA;LOCAL;0.00;0.00%;0;53
EmptyClassInitializer;Java/Declaration redundancy;Empty class initializer;JAVA;LOCAL;0.00;0.00%;0;53
CachedNumberConstructorCall;Java/Numeric issues;Number constructor call with primitive argument;JAVA;LOCAL;0.00;0.00%;0;53
BigDecimalMethodWithoutRoundingCalled;Java/Numeric issues;Call to 'BigDecimal' method without a rounding mode argument;JAVA;LOCAL;0.00;0.00%;0;53
WrapperTypeMayBePrimitive;Java/Performance;Wrapper type may be primitive;JAVA;LOCAL;0.00;0.00%;0;53
PointlessArithmeticExpression;Java/Numeric issues;Pointless arithmetic expression;JAVA;LOCAL;0.00;0.00%;0;53
EmptyFinallyBlock;Java/Error handling;Empty 'finally' block;JAVA;LOCAL;0.00;0.00%;0;53
FinalMethodInFinalClass;Java/Declaration redundancy;'final' method in 'final' class;JAVA;LOCAL;0.00;0.00%;0;53
FinalPrivateMethod;Java/Class structure;'private' method declared 'final';JAVA;LOCAL;0.00;0.00%;0;53
ContinueOrBreakFromFinallyBlock;Java/Error handling;'continue' or 'break' inside 'finally' block;JAVA;LOCAL;0.00;0.00%;0;55
RegExpRedundantNestedCharacterClass;RegExp;Redundant nested character class;RegExp;LOCAL;0.00;0.00%;0;6
ExplicitArrayFilling;Java/Verbose or redundant code constructs;Explicit array filling;JAVA;LOCAL;0.00;0.00%;0;55
lossy-conversions;Java/Numeric issues;Possibly lossy implicit cast in compound assignment;JAVA;LOCAL;0.00;0.00%;0;55
IntegerMultiplicationImplicitCastToLong;Java/Numeric issues/Cast;Integer multiplication or shift implicitly cast to 'long';JAVA;LOCAL;0.00;0.00%;0;55
ListRemoveInLoop;Java/Performance;'List.remove()' called in loop;JAVA;LOCAL;0.00;0.00%;0;53
RedundantExplicitClose;Java/Declaration redundancy;Redundant 'close()';JAVA;LOCAL;0.00;0.00%;0;55
SpringDataJdbcMappedCollectionKeyColumnInspection;Spring/Spring Data;Spring Data JDBC mapped collection key column;UAST;LOCAL;0.00;0.00%;0;57
MathRoundingWithIntArgument;Java/Probable bugs;Call math rounding with 'int' argument;JAVA;LOCAL;0.00;0.00%;0;53
StringEqualsCharSequence;Java/Probable bugs;'String.equals()' called with 'CharSequence' argument;JAVA;LOCAL;0.00;0.00%;0;53
UnnecessarySemicolon;Java/Code style issues;Unnecessary semicolon;JAVA;LOCAL;0.00;0.00%;0;55
SuspiciousArrayMethodCall;Java/Probable bugs;Suspicious 'Arrays' method call;JAVA;LOCAL;0.00;0.00%;0;53
BusyWait;Java/Threading issues;Busy wait;JAVA;LOCAL;0.00;0.00%;0;53
MethodNameSameAsClassName;Java/Naming conventions/Method;Method name same as class name;JAVA;LOCAL;0.00;0.00%;0;53
ExpressionComparedToItself;Java/Probable bugs;Expression is compared to itself;JAVA;LOCAL;0.00;0.00%;0;53
PrimitiveArrayArgumentToVarargsMethod;Java/Probable bugs;Confusing primitive array argument to varargs method;JAVA;LOCAL;0.00;0.00%;0;53
SuspiciousIntegerDivAssignment;Java/Probable bugs;Suspicious integer division assignment;JAVA;LOCAL;0.00;0.00%;0;53
EmptyTryBlock;Java/Error handling;Empty 'try' block;JAVA;LOCAL;0.00;0.00%;0;53
AssertWithSideEffects;Java/Probable bugs;'assert' statement with side effects;JAVA;LOCAL;0.00;0.00%;0;53
SimplifiableConditionalExpression;Java/Control flow issues;Simplifiable conditional expression;JAVA;LOCAL;0.00;0.00%;0;53
ManualMinMaxCalculation;Java/Verbose or redundant code constructs;Manual min/max calculation;JAVA;LOCAL;0.00;0.00%;0;53
ThrowableSupplierOnlyThrowException;Java/Error handling;Throwable supplier never returns a value;JAVA;LOCAL;0.00;0.00%;0;53
RedundantStreamOptionalCall;Java/Verbose or redundant code constructs;Redundant step in 'Stream' or 'Optional' call chain;JAVA;LOCAL;0.00;0.00%;0;53
UnnecessaryReturnStatement;Java/Verbose or redundant code constructs;Unnecessary 'return' statement;JAVA;LOCAL;0.00;0.00%;0;53
RedundantStringFormatCall;Java/Performance;Redundant call to 'String.format()';JAVA;LOCAL;0.00;0.00%;1;53
PointlessNullCheck;Java/Control flow issues;Unnecessary 'null' check before method call;JAVA;LOCAL;0.00;0.00%;0;53
StaticMethodImportLombok;Java/Lombok;Using static import for Lombok-generated methods;JAVA;LOCAL;0.00;0.00%;0;53
RedundantComparatorComparing;Java/Verbose or redundant code constructs;Comparator method can be simplified;JAVA;LOCAL;0.00;0.00%;0;53
SwitchStatementWithTooFewBranches;Java/Control flow issues;Minimum 'switch' branches;JAVA;LOCAL;0.00;0.00%;0;53
CollectionAddAllCanBeReplacedWithConstructor;Java/Performance;Redundant 'Collection.addAll()' call;JAVA;LOCAL;0.00;0.00%;0;53
RegExpRepeatedSpace;RegExp;Consecutive spaces;RegExp;LOCAL;0.00;0.00%;0;6
RegExpDuplicateAlternationBranch;RegExp;Duplicate branch in alternation;RegExp;LOCAL;0.00;0.00%;0;6
IncorrectDateTimeFormat;Java/Probable bugs;Incorrect 'DateTimeFormat' pattern;JAVA;LOCAL;0.00;0.00%;0;53
MalformedDataProvider;Java/TestNG;Data provider problems;JAVA;LOCAL;0.00;0.00%;0;53
OctalInteger;Java/Numeric issues;Octal integer;JAVA;LOCAL;0.00;0.00%;0;53
InvalidComparatorMethodReference;Java/Probable bugs;Invalid method reference used for 'Comparator';JAVA;LOCAL;0.00;0.00%;0;53
CastCanBeRemovedNarrowingVariableType;Java/Verbose or redundant code constructs;Too weak variable type leads to unnecessary cast;JAVA;LOCAL;0.00;0.00%;0;53